id,task_id,cochrane_question,cochrane_answer,url_raw
U0001,T6,Does caffeine help asthma?,Helpful,https://www.ncbi.nlm.nih.gov/pubmedhealth/PMH0010864/
U0002,T6,Does caffeine help asthma?,Helpful,https://www.qualityhealth.com/asthma-articles/link-between-caffeine-asthma
U0003,T6,Does caffeine help asthma?,Helpful,http://www.allergyasthmazone.com/controlling-and-living-with-asthma/relationship-between-caffeine-asthma/
U0004,T6,Does caffeine help asthma?,Helpful,https://www.cochrane.org/CD001112/AIRWAYS_the-effect-of-caffeine-in-people-with-asthma
U0005,T6,Does caffeine help asthma?,Helpful,https://healthfully.com/86958-caffeine-asthma.html
U0006,T6,Does caffeine help asthma?,Helpful,https://asthma.net/living/fatigue-asthma-link/
U0007,T6,Does caffeine help asthma?,Helpful,https://www.ncbi.nlm.nih.gov/pubmed/11687099/
U0008,T6,Does caffeine help asthma?,Helpful,https://www.researchgate.net/publication/41103829_Caffeine_for_asthma
U0009,T6,Does caffeine help asthma?,Helpful,https://asthma.net/coping/caffeine/
U0010,T6,Does caffeine help asthma?,Helpful,https://www.asthma.org.uk/advice/inhalers-medicines-treatments/add-on-treatments/theophylline/
U0011,T6,Does caffeine help asthma?,Helpful,https://www.everydayhealth.com/asthma-pictures/things-that-can-trigger-asthma-attacks.aspx
U0012,T6,Does caffeine help asthma?,Helpful,https://www.top10homeremedies.com/home-remedies/home-remedies-for-asthma.html
U0013,T6,Does caffeine help asthma?,Helpful,https://www.bupa.co.uk/health-information/lungs-breathing/asthma
U0014,T6,Does caffeine help asthma?,Helpful,https://www.asthma.org.uk/
U0015,T6,Does caffeine help asthma?,Helpful,https://www.caffeineinformer.com/top-10-caffeine-health-benefits
U0016,T6,Does caffeine help asthma?,Helpful,https://www.quora.com/How-does-caffeine-intake-affect-asthma
U0017,T6,Does caffeine help asthma?,Helpful,https://www.ncbi.nlm.nih.gov/pmc/articles/PMC4462044/
U0018,T6,Does caffeine help asthma?,Helpful,https://healthhearty.com/caffeine-asthma
U0019,T6,Does caffeine help asthma?,Helpful,https://www.sciencedaily.com/releases/2009/05/090531102507.htm
U0020,T6,Does caffeine help asthma?,Helpful,https://www.peoplespharmacy.com/2009/07/06/caffeine-helps/
U0021,T6,Does caffeine help asthma?,Helpful,https://asthma.net/living/the-effects-of-coffee-on-asthma/
U0022,T6,Does caffeine help asthma?,Helpful,https://community.aafa.org/blog/aafa-explains-will-coffee-or-caffeinated-drinks-help-my-asthma
U0023,T6,Does caffeine help asthma?,Helpful,https://www.wired.co.uk/article/how-caffeine-can-help-ease-asthma
U0024,T6,Does caffeine help asthma?,Helpful,https://www.answers.com/Q/How_does_caffeine_affect_asthma
U0025,T6,Does caffeine help asthma?,Helpful,https://answers.yahoo.com/question/index?qid=20070127125236AA60BYe
U0026,T6,Does caffeine help asthma?,Helpful,https://www.bbc.co.uk/programmes/articles/2jq5KSXvt474QLBdKvfw6jY/caffeine
U0027,T6,Does caffeine help asthma?,Helpful,https://www.nhs.uk/conditions/asthma/treatment/
U0028,T6,Does caffeine help asthma?,Helpful,https://www.sciencedirect.com/science/article/pii/104727979290007D
U0029,T6,Does caffeine help asthma?,Helpful,https://www.webmd.com/asthma/asthma-triggers
U0030,T6,Does caffeine help asthma?,Helpful,https://health.howstuffworks.com/wellness/natural-medicine/home-remedies/home-remedies-for-asthma.htm
U0031,T6,Does caffeine help asthma?,Helpful,https://www.nhs.uk/conditions/asthma/
U0032,T6,Does caffeine help asthma?,Helpful,https://answers.yahoo.com/question/index?qid=20061009200852AA5UOzi
U0033,T6,Does caffeine help asthma?,Helpful,https://www.thecrimson.com/article/1993/11/2/can-coffee-help-asthma-sufferers-pcoffee/
U0034,T6,Does caffeine help asthma?,Helpful,https://asthma.net/living/coffee-whats-the-deal/
U0035,T6,Does caffeine help asthma?,Helpful,https://www.nytimes.com/2010/11/30/health/30really.html
U0036,T6,Does caffeine help asthma?,Helpful,https://www.ncbi.nlm.nih.gov/pmc/articles/PMC3056276/
U0037,T6,Does caffeine help asthma?,Helpful,https://healthunlocked.com/blf/posts/130328314/research-linking-coca-cola-to-asthma-and-copd
U0038,T6,Does caffeine help asthma?,Helpful,https://www.researchgate.net/publication/11666303_Caffeine_for_Asthma
U0039,T6,Does caffeine help asthma?,Helpful,https://www.peoplespharmacy.com/2013/07/24/asthma-inhalers-albuterol-vs-caffeine/
U0040,T6,Does caffeine help asthma?,Helpful,https://www.quora.com/Does-caffeine-help-asthma-sufferers
U0041,T6,Does caffeine help asthma?,Helpful,https://asthma.newlifeoutlook.com/coffee-asthma/
U0042,T6,Does caffeine help asthma?,Helpful,https://www.healthcentral.com/article/drink-cup-coffee-helps-breathing-drink-straight-no-sugar-cream-cup
U0043,T6,Does caffeine help asthma?,Helpful,https://www.everydayhealth.com/hs/asthma-pictures/everyday-asthma-symptom-soothers/
U0044,T6,Does caffeine help asthma?,Helpful,https://www.thehealthsite.com/diseases-conditions/having-an-asthma-attack-drink-a-cup-of-black-coffee-v0116/
U0045,T6,Does caffeine help asthma?,Helpful,https://www.quora.com/How-can-I-reduce-wheezing-without-an-inhaler-I-was-diagnosed-with-mild-asthma-as-a-kid-never-had-an-asthma-attack-or-used-an-inhaler-but-I-sometimes-get-wheezy-It-only-bothers-me-when-Im-trying-to-sleep-but-have-to-keep-clearing-my-throat
U0046,T6,Does caffeine help asthma?,Helpful,https://answers.yahoo.com/question/index?qid=20080812090826AAnHMk7
U0047,T6,Does caffeine help asthma?,Helpful,http://openaccess.sgul.ac.uk/2686/1/CD001112.pdf
U0048,T6,Does caffeine help asthma?,Helpful,https://www.quora.com/Can-coffee-help-with-an-asthma-attack
U0049,T6,Does caffeine help asthma?,Helpful,https://www.newtoasthma.com/connection-between-caffeine-and-asthma/
U0050,T6,Does caffeine help asthma?,Helpful,https://www.sciencedaily.com/releases/2017/07/170714072216.htm
U0051,T6,Does caffeine help asthma?,Helpful,https://www.onlymyhealth.com/effects-caffeine-asthma-patients-1345683237
U0052,T6,Does caffeine help asthma?,Helpful,https://www.webmd.com/diet/caffeine-myths-and-facts
U0053,T6,Does caffeine help asthma?,Helpful,https://kclpure.kcl.ac.uk/portal/en/publications/caffeine-for-asthma(9db12dd9-2857-489c-afbd-98f5d0cc4068).html
U0054,T6,Does caffeine help asthma?,Helpful,https://www.nhsinform.scot/illnesses-and-conditions/lungs-and-airways/asthma
U0055,T6,Does caffeine help asthma?,Helpful,http://www.uhs.nhs.uk/Media/Controlleddocuments/Patientinformation/Womenshealth/Bladder-retraining-for-an-overactive-bladder-patient-information.pdf
U0056,T6,Does caffeine help asthma?,Helpful,https://www.evidence.nhs.uk/search?q=Caffeine
U0057,T9,Does surgery help obesity?,Helpful,https://www.nhs.uk/conditions/weight-loss-surgery/
U0058,T9,Does surgery help obesity?,Helpful,https://www.ncbi.nlm.nih.gov/pmc/articles/PMC4590927/
U0059,T9,Does surgery help obesity?,Helpful,https://www.ncbi.nlm.nih.gov/pmc/articles/PMC2594758/
U0060,T9,Does surgery help obesity?,Helpful,https://www.nuffieldtrust.org.uk/news-item/can-the-nhs-help-tackle-the-uk-s-obesity-epidemic
U0061,T9,Does surgery help obesity?,Helpful,https://www.nhs.uk/conditions/weight-loss-surgery/who-can-have-it/
U0062,T9,Does surgery help obesity?,Helpful,https://www.nhs.uk/conditions/obesity/treatment/
U0063,T9,Does surgery help obesity?,Helpful,https://www.ncbi.nlm.nih.gov/pubmed/19370590
U0064,T9,Does surgery help obesity?,Helpful,https://patient.info/healthy-living/obesity-overweight
U0065,T9,Does surgery help obesity?,Helpful,https://www.nice.org.uk/news/article/offer-weight-loss-surgery-to-diabetics
U0066,T9,Does surgery help obesity?,Helpful,https://www.rightshape.com/does-bariatric-surgery-reduce-obesity/
U0067,T9,Does surgery help obesity?,Helpful,http://www.scoliosis.org/forum/showthread.php?10456-Why-do-people-lose-(so-much)-weight-after-surgery
U0068,T9,Does surgery help obesity?,Helpful,https://www.quora.com/Is-it-normal-to-lose-weight-after-a-surgery
U0069,T9,Does surgery help obesity?,Helpful,https://link.springer.com/article/10.1007/s11695-016-2442-3
U0070,T9,Does surgery help obesity?,Helpful,https://www.sciencedirect.com/science/article/pii/S1357303914003314
U0071,T9,Does surgery help obesity?,Helpful,https://www.cochrane.org/CD003641/ENDOC_surgery-for-obesity
U0072,T9,Does surgery help obesity?,Helpful,https://www.imperial.nhs.uk/our-services/surgery/bariatric-surgery
U0073,T9,Does surgery help obesity?,Helpful,https://www.pharmaceutical-journal.com/opinion/comment/is-bariatric-surgery-the-right-approach-to-obesity/20067632.article
U0074,T9,Does surgery help obesity?,Helpful,https://www.reddit.com/user/cuspsurgeons/comments/8vq5xz/bariatric_surgery_an_effective_treatment_for/
U0075,T9,Does surgery help obesity?,Helpful,https://www.somabariatrics.com/blog/health/obesity-related-health-issues-bariatric-surgery/
U0076,T9,Does surgery help obesity?,Helpful,https://www.niddk.nih.gov/health-information/weight-management/bariatric-surgery
U0077,T9,Does surgery help obesity?,Helpful,https://www.youtube.com/watch?v=E1U4_NIaUtA
U0078,T9,Does surgery help obesity?,Helpful,https://www.diabetes.co.uk/news/2010/Jun/gastric-band-surgery-can-help-obesity-92661776.html
U0079,T9,Does surgery help obesity?,Helpful,https://www.diabetes.org.uk/Guide-to-diabetes/Managing-your-diabetes/Treating-your-diabetes/Weight-loss-surgery
U0080,T9,Does surgery help obesity?,Helpful,https://www.journals.elsevier.com/surgery-for-obesity-and-related-diseases
U0081,T9,Does surgery help obesity?,Helpful,https://link.springer.com/journal/11695
U0082,T9,Does surgery help obesity?,Helpful,https://www.hospitalroad.com/how-does-bariatric-surgery-help-to-stop-obesity-for-life/
U0083,T9,Does surgery help obesity?,Helpful,https://www.nhs.uk/conditions/obesity/
U0084,T9,Does surgery help obesity?,Helpful,https://www.ncbi.nlm.nih.gov/pmc/articles/PMC2729256/
U0085,T9,Does surgery help obesity?,Helpful,https://patient.info/healthy-living/obesity-overweight/weight-loss-surgery
U0086,T9,Does surgery help obesity?,Helpful,https://www.betterhealth.vic.gov.au/health/conditionsandtreatments/obesity-surgery
U0087,T9,Does surgery help obesity?,Helpful,https://asmbs.org/patients/benefits-of-bariatric-surgery
U0088,T9,Does surgery help obesity?,Helpful,https://www.springer.com/medicine/surgery/journal/11695
U0089,T9,Does surgery help obesity?,Helpful,https://asmbs.org/patients/bariatric-surgery-procedures
U0090,T9,Does surgery help obesity?,Helpful,https://www.ncbi.nlm.nih.gov/pmc/articles/PMC3539224/
U0091,T9,Does surgery help obesity?,Helpful,https://www.quora.com/How-does-bariatric-surgery-help
U0092,T9,Does surgery help obesity?,Helpful,https://www.ifso.com/
U0093,T9,Does surgery help obesity?,Helpful,https://www.guysandstthomas.nhs.uk/our-services/diabetes/obesity-and-bariatric-service.aspx
U0094,T9,Does surgery help obesity?,Helpful,https://en.wikipedia.org/wiki/Bariatric_surgery
U0095,T9,Does surgery help obesity?,Helpful,https://www.nice.org.uk/guidance/cg189/chapter/1-recommendations
U0096,T9,Does surgery help obesity?,Helpful,https://www.soard.org/
U0097,T9,Does surgery help obesity?,Helpful,http://www.codsils.com/metabolic-surgery-effective-treatment-for-obesity-type-2-diabetes/
U0098,T9,Does surgery help obesity?,Helpful,https://medkit.info/2019/05/28/bariatric-surgery-can-be-safe-effective-treatment-for-teenagers-with-obesity/
U0099,T9,Does surgery help obesity?,Helpful,https://www.nih.gov/news-events/nih-research-matters/new-insights-into-bariatric-surgery-obesity
U0100,T9,Does surgery help obesity?,Helpful,https://www.medicalnewstoday.com/articles/306498.php
U0101,T9,Does surgery help obesity?,Helpful,https://www.researchgate.net/publication/279900832_Surgery_for_obesity
U0102,T9,Does surgery help obesity?,Helpful,https://www.bhf.org.uk/informationsupport/heart-matters-magazine/news/behind-the-headlines/obesity-and-surgery
U0103,T9,Does surgery help obesity?,Helpful,https://www.royalaesthetic.com/the-gastric-band-an-effective-method-for-weight-loss/
U0104,T9,Does surgery help obesity?,Helpful,https://www.ncbi.nlm.nih.gov/pmc/articles/PMC3470459/
U0105,T9,Does surgery help obesity?,Helpful,https://obesitynewstoday.com/long-term-results-bariatric-surgery/
U0106,T9,Does surgery help obesity?,Helpful,https://www.ncbi.nlm.nih.gov/pmc/articles/PMC3538108/
U0107,T9,Does surgery help obesity?,Helpful,http://america.aljazeera.com/articles/2013/11/19/weight-loss-surgerystudycompellinginconclusiveonreversingaging.html
U0108,T9,Does surgery help obesity?,Helpful,https://link.springer.com/article/10.1007/s11695-016-2342-6
U0109,T9,Does surgery help obesity?,Helpful,https://bnf.nice.org.uk/treatment-summary/obesity.html
U0110,T9,Does surgery help obesity?,Helpful,https://asmbs.org/patients/bariatric-surgery-misconceptions
U0111,T3,Do insoles help back pain?,Not Helpful,https://www.shoeinsoles.co.uk/insoles-for-back-pain.html
U0112,T3,Do insoles help back pain?,Not Helpful,https://www.mass4d.co.uk/blogs/articles/is-there-a-link-between-insoles-and-back-pain
U0113,T3,Do insoles help back pain?,Not Helpful,http://www.crd.york.ac.uk/crdweb/ShowRecord.asp?ID=12014028766
U0114,T3,Do insoles help back pain?,Not Helpful,https://bmcmusculoskeletdisord.biomedcentral.com/articles/10.1186/1471-2474-15-140
U0115,T3,Do insoles help back pain?,Not Helpful,https://www.ncbi.nlm.nih.gov/pmc/articles/PMC3036013/
U0116,T3,Do insoles help back pain?,Not Helpful,https://insolesclarity.com/insoles-back-pain/
U0117,T3,Do insoles help back pain?,Not Helpful,https://www.spine-health.com/wellness/ergonomics/shoe-insoles-lower-back-pain
U0118,T3,Do insoles help back pain?,Not Helpful,https://www.ncbi.nlm.nih.gov/pmc/articles/PMC4107719/
U0119,T3,Do insoles help back pain?,Not Helpful,http://currexsole.co.uk/injury-expert/insoles-lower-back-pain/
U0120,T3,Do insoles help back pain?,Not Helpful,https://www.spine-health.com/wellness/ergonomics/how-foot-orthotics-help-low-back-pain
U0121,T3,Do insoles help back pain?,Not Helpful,https://www.nhs.uk/conditions/back-pain/treatment/
U0122,T3,Do insoles help back pain?,Not Helpful,https://www.cochrane.org/CD005275/BACK_insoles-for-the-prevention-and-treatment-of-back-pain
U0123,T3,Do insoles help back pain?,Not Helpful,https://www.hss.edu/newsroom_orthotics-cause-problems-if-improperly-prescribed.asp
U0124,T3,Do insoles help back pain?,Not Helpful,https://helpmyfootpain.com/do-insoles-really-help-with-foot-pain/
U0125,T3,Do insoles help back pain?,Not Helpful,https://www.sciencedaily.com/releases/2005/09/050925152632.htm
U0126,T3,Do insoles help back pain?,Not Helpful,https://enertor.com/blogs/enertor-enertor/can-insoles-help-lower-back-pain-injuries
U0127,T3,Do insoles help back pain?,Not Helpful,https://uprighthealth.com/do-orthotics-relieve-foot-knee-hip-back-pain/
U0128,T3,Do insoles help back pain?,Not Helpful,https://www.medhelp.org/posts/Orthopedics/custom-orthotics-dont-work/show/1528045
U0129,T3,Do insoles help back pain?,Not Helpful,https://walkingmobilityclinics.com/foot-problems-in-ontario/dont-orthotics-work/
U0130,T3,Do insoles help back pain?,Not Helpful,https://www.theguardian.com/science/occams-corner/2013/dec/17/medical-research-health
U0131,T3,Do insoles help back pain?,Not Helpful,http://www.sandpointwellnesscouncil.com/2011/08/what-to-do-when-orthotics-dont-work/
U0132,T3,Do insoles help back pain?,Not Helpful,https://well.blogs.nytimes.com/2011/01/17/do-orthotics-really-help/
U0133,T3,Do insoles help back pain?,Not Helpful,https://www.bestforbackpain.com/best-shoe-insoles-inserts-orthotics-for-back-pain-reviews-top-picks-buyers-guide.html
U0134,T3,Do insoles help back pain?,Not Helpful,http://currexsole.co.uk/why-currexsole/benefits/
U0135,T3,Do insoles help back pain?,Not Helpful,https://www.selfgrowth.com/articles/the-many-benefits-of-orthotic-insoles
U0136,T3,Do insoles help back pain?,Not Helpful,http://www.foundationphysio.com/do-orthotics-help-with-back-pain/
U0137,T3,Do insoles help back pain?,Not Helpful,https://www.webmd.com/pain-management/what-are-shoe-orthotics
U0138,T3,Do insoles help back pain?,Not Helpful,https://www.nursinginpractice.com/article/insoles-do-not-prevent-back-pain
U0139,T3,Do insoles help back pain?,Not Helpful,https://www.everydayhealth.com/news/best-worst-shoes-back-pain/
U0140,T3,Do insoles help back pain?,Not Helpful,https://uk.cochrane.org/news/running-marathons-izzard-enough-what-can-help
U0141,T3,Do insoles help back pain?,Not Helpful,https://www.marcacohenspinecenter.com/insoles-to-help-with-back-pain/
U0142,T3,Do insoles help back pain?,Not Helpful,http://www.sportzdoc.com/foot-pain/foot-ankle-leg-and-back-pain-can-shoe-insoles-help-you-the-truth-about-shoe-insoles-and-whether-you-need-them/
U0143,T3,Do insoles help back pain?,Not Helpful,https://thefootandlegclinic.co.uk/lower-back-pain-how-foot-orthotics-can-help/
U0144,T3,Do insoles help back pain?,Not Helpful,https://www.mayoclinic.org/diseases-conditions/back-pain/symptoms-causes/syc-20369906
U0145,T3,Do insoles help back pain?,Not Helpful,https://www.liveabout.com/what-are-shoe-insoles-2987682
U0146,T3,Do insoles help back pain?,Not Helpful,https://www.amazon.co.uk/insoles-back-pain/s?page=1&rh=i%3Aaps%2Ck%3Ainsoles%20back%20pain
U0147,T3,Do insoles help back pain?,Not Helpful,https://www.foundationphysio.com/do-orthotics-help-with-back-pain/
U0148,T3,Do insoles help back pain?,Not Helpful,https://www.bupa.co.uk/health-information/back-care/back-pain
U0149,T3,Do insoles help back pain?,Not Helpful,https://www.healthline.com/health/bone-health/orthotics
U0150,T3,Do insoles help back pain?,Not Helpful,https://insoles.cpsresearch.scot/
U0151,T3,Do insoles help back pain?,Not Helpful,https://www.backpainrelief911.com/do-orthotics-help-lower-back-pain
U0152,T3,Do insoles help back pain?,Not Helpful,https://www.webmd.com/back-pain/features/12-back-pain-tips
U0153,T3,Do insoles help back pain?,Not Helpful,https://www.ebay.co.uk/sch/i.html?_nkw=insoles
U0154,T3,Do insoles help back pain?,Not Helpful,https://www.amazon.co.uk/back-pain-insoles/s?k=back+pain+insoles
U0155,T3,Do insoles help back pain?,Not Helpful,https://www.amazon.com/insole-back-pain/s?k=insole+for+back+pain
U0156,T3,Do insoles help back pain?,Not Helpful,https://www.ebay.co.uk/sch/i.html?_nkw=pain+relief+insoles
U0157,T3,Do insoles help back pain?,Not Helpful,https://www.amazon.com/insoles-back-pain/s?k=insoles+for+back+pain
U0158,T3,Do insoles help back pain?,Not Helpful,https://www.sciencedaily.com/releases/2007/10/071016195925.htm
U0159,T3,Do insoles help back pain?,Not Helpful,http://www.footcarecentre.co.uk/back-pain.htm
U0160,T3,Do insoles help back pain?,Not Helpful,https://www.nhs.uk/Conditions/Back-pain/
U0161,T3,Do insoles help back pain?,Not Helpful,https://www.ebay.co.uk/sch/i.html?_nkw=rocker+sole+shoes
U0162,T3,Do insoles help back pain?,Not Helpful,https://www.shoeinsoles.co.uk/insoles-for-knee-pain.html
U0163,T3,Do insoles help back pain?,Not Helpful,https://newsnetwork.mayoclinic.org/discussion/mayo-clinic-q-and-a-sciatica-treatment-options/
U0164,T3,Do insoles help back pain?,Not Helpful,https://www.quora.com/Is-insole-the-most-effective-way-to-help-low-arch-foot
U0165,T3,Do insoles help back pain?,Not Helpful,https://www.ncbi.nlm.nih.gov/pubmedhealth/PMH0013366/
U0166,T3,Do insoles help back pain?,Not Helpful,https://www.nhs.uk/conditions/flat-feet/
U0167,T4,Do probiotics help treat eczema?,Not Helpful,https://www.healthline.com/health/skin-disorders/probiotics-for-eczema
U0168,T4,Do probiotics help treat eczema?,Not Helpful,https://www.verywellhealth.com/probiotics-for-eczema-89944
U0169,T4,Do probiotics help treat eczema?,Not Helpful,https://healthfully.com/482790-what-are-the-benefits-of-probiotics-eczema.html
U0170,T4,Do probiotics help treat eczema?,Not Helpful,https://www.ncbi.nlm.nih.gov/pmc/articles/PMC4828648/
U0171,T4,Do probiotics help treat eczema?,Not Helpful,https://www.ncbi.nlm.nih.gov/pubmedhealth/PMH0072584/
U0172,T4,Do probiotics help treat eczema?,Not Helpful,https://www.nhs.uk/conditions/probiotics/
U0173,T4,Do probiotics help treat eczema?,Not Helpful,https://www.ncbi.nlm.nih.gov/pubmedhealth/PMH0013756/
U0174,T4,Do probiotics help treat eczema?,Not Helpful,https://www.nhs.uk/conditions/atopic-eczema/
U0175,T4,Do probiotics help treat eczema?,Not Helpful,https://www.express.co.uk/life-style/health/1052601/eczema-treatment-dry-itchy-skin-moisturiser-home-remedy
U0176,T4,Do probiotics help treat eczema?,Not Helpful,https://www.askdrmaxwell.com/2013/09/use-probiotics-to-treat-allergies-eczema-and-more/
U0177,T4,Do probiotics help treat eczema?,Not Helpful,https://www.cochrane.org/CD006135/SKIN_probiotics-treating-eczema
U0178,T4,Do probiotics help treat eczema?,Not Helpful,http://eczemafree.org/56/probiotics-and-eczema-how-the-bacteria-living-in-your-gut-can-help-improve-your-eczema/
U0179,T4,Do probiotics help treat eczema?,Not Helpful,http://probiotics101.probacto.com/how-probiotics-can-help-with-eczema/
U0180,T4,Do probiotics help treat eczema?,Not Helpful,https://nationaleczema.org/search-bacterial-balance/
U0181,T4,Do probiotics help treat eczema?,Not Helpful,https://itchylittleworld.com/can-probiotics-help-eczema/
U0182,T4,Do probiotics help treat eczema?,Not Helpful,https://www.nhs.uk/conditions/atopic-eczema/treatment/
U0183,T4,Do probiotics help treat eczema?,Not Helpful,https://www.webmd.com/skin-problems-and-treatments/eczema/news/20081010/probiotics-no-help-childhood-eczema
U0184,T4,Do probiotics help treat eczema?,Not Helpful,https://www.optibacprobiotics.co.uk/professionals/faq/do-probiotics-help-with-eczema
U0185,T4,Do probiotics help treat eczema?,Not Helpful,https://www.medicalnewstoday.com/articles/318946.php
U0186,T4,Do probiotics help treat eczema?,Not Helpful,https://www.scratchsleeves.co.uk/can-probiotics-help-eczema-in-babies-and-children/
U0187,T4,Do probiotics help treat eczema?,Not Helpful,https://www.optibacprobiotics.co.uk/professionals/blog/probiotics-and-eczema
U0188,T4,Do probiotics help treat eczema?,Not Helpful,https://www.probioticsbydre.com/study-finds-probiotic-cuts-eczema-in-children.html
U0189,T4,Do probiotics help treat eczema?,Not Helpful,https://diyremedies.org/probiotics-for-eczema/
U0190,T4,Do probiotics help treat eczema?,Not Helpful,https://www.emedicinehealth.com/eczema/article_em.htm
U0191,T4,Do probiotics help treat eczema?,Not Helpful,https://www.facebook.com/WhatIsEczema/
U0192,T4,Do probiotics help treat eczema?,Not Helpful,https://nationaleczema.org/eczema/
U0193,T4,Do probiotics help treat eczema?,Not Helpful,https://www.honestyforyourskin.co.uk/probiotics-for-eczema/
U0194,T4,Do probiotics help treat eczema?,Not Helpful,https://probioticscouncil.org/probiotics-eczema/
U0195,T4,Do probiotics help treat eczema?,Not Helpful,https://www.jolieeskin.com/blogs/news/34323204-probiotics-are-they-good-for-eczema
U0196,T4,Do probiotics help treat eczema?,Not Helpful,https://flawlessprogram.com/probiotics-and-eczema-helpful-or-harmful/
U0197,T4,Do probiotics help treat eczema?,Not Helpful,https://www.sciencedirect.com/science/article/pii/S0190962214014078
U0198,T4,Do probiotics help treat eczema?,Not Helpful,https://www.ncbi.nlm.nih.gov/pmc/articles/PMC5006549/
U0199,T4,Do probiotics help treat eczema?,Not Helpful,https://www.semanticscholar.org/paper/Probiotics-and-Atopic-Dermatitis%3A-An-Overview-Rather-Bajpai/e4d09c01583bc0a40202d469a428c6faa2ca6d05
U0200,T4,Do probiotics help treat eczema?,Not Helpful,https://www.bbcgoodfood.com/howto/guide/what-are-probiotics-and-what-do-they-do
U0201,T4,Do probiotics help treat eczema?,Not Helpful,https://www.cochranelibrary.com/cdsr/doi/10.1002/14651858.CD006135.pub3/abstract
U0202,T7,Does cinnamon help diabetes?,Not Helpful,https://www.ncbi.nlm.nih.gov/pmc/articles/PMC3924990/
U0203,T7,Does cinnamon help diabetes?,Not Helpful,http://care.diabetesjournals.org/content/30/4/813/
U0204,T7,Does cinnamon help diabetes?,Not Helpful,https://www.diabetesselfmanagement.com/blog/cinnamon-and-diabetes-an-update/
U0205,T7,Does cinnamon help diabetes?,Not Helpful,https://www.diabetes.co.uk/natural-therapies/cinnamon.html
U0206,T7,Does cinnamon help diabetes?,Not Helpful,https://www.webmd.com/diabetes/cinnamon-and-benefits-for-diabetes
U0207,T7,Does cinnamon help diabetes?,Not Helpful,https://www.ncbi.nlm.nih.gov/pmc/articles/PMC2901047/
U0208,T7,Does cinnamon help diabetes?,Not Helpful,http://www.nice.org.uk/Guidance/CG66
U0209,T7,Does cinnamon help diabetes?,Not Helpful,https://www.diabetes.co.uk/blog/2015/11/cinnamon-diabetes-7-benefits/
U0210,T7,Does cinnamon help diabetes?,Not Helpful,https://www.thehealthsite.com/diseases-conditions/home-remedies-for-diabetes-64404/
U0211,T7,Does cinnamon help diabetes?,Not Helpful,https://www.nhs.uk/conditions/Diabetes/
U0212,T7,Does cinnamon help diabetes?,Not Helpful,https://www.youtube.com/watch?v=DTiuMr1DusE
U0213,T7,Does cinnamon help diabetes?,Not Helpful,https://www.medicalnewstoday.com/articles/317207.php
U0214,T7,Does cinnamon help diabetes?,Not Helpful,https://www.healthline.com/nutrition/10-proven-benefits-of-cinnamon
U0215,T7,Does cinnamon help diabetes?,Not Helpful,https://www.diabetes.co.uk/news/2006/Jul/Cinnamon-and-diabetes-treatment-link.html
U0216,T7,Does cinnamon help diabetes?,Not Helpful,https://nccih.nih.gov/health/cinnamon
U0217,T7,Does cinnamon help diabetes?,Not Helpful,http://healthscamsexposed.com/2014/05/honey-and-cinnamon-cure-help-or-hoax/
U0218,T7,Does cinnamon help diabetes?,Not Helpful,https://www.mayoclinic.org/diseases-conditions/diabetes/expert-answers/diabetes/faq-20058472
U0219,T7,Does cinnamon help diabetes?,Not Helpful,https://www.wikihow.com/Use-Cinnamon-to-Help-With-Diabetes
U0220,T7,Does cinnamon help diabetes?,Not Helpful,https://www.express.co.uk/life-style/health/1104535/type-2-diabetes-diet-foods-cinnamon-spice-supplements
U0221,T7,Does cinnamon help diabetes?,Not Helpful,http://care.diabetesjournals.org/content/26/12/3215
U0222,T7,Does cinnamon help diabetes?,Not Helpful,https://health.clevelandclinic.org/can-taking-cinnamon-lower-your-blood-sugar/
U0223,T7,Does cinnamon help diabetes?,Not Helpful,https://www.webmd.com/diet/supplement-guide-cinnamon
U0224,T7,Does cinnamon help diabetes?,Not Helpful,https://www.diabetes.org.uk/Guide-to-diabetes/Recipes/Apple-cinnamon-cake
U0225,T7,Does cinnamon help diabetes?,Not Helpful,https://www.youtube.com/watch?v=mGez0iCwZrk
U0226,T7,Does cinnamon help diabetes?,Not Helpful,https://answers.yahoo.com/question/index?qid=20090710130535AAgiqHj
U0227,T7,Does cinnamon help diabetes?,Not Helpful,https://www.nhs.uk/conditions/type-2-diabetes/finding-help-and-support/
U0228,T7,Does cinnamon help diabetes?,Not Helpful,https://diabetestalk.net/popular/honey-and-cinnamon-for-diabetes-treatment
U0229,T7,Does cinnamon help diabetes?,Not Helpful,https://www.verywellhealth.com/efficacy-of-cinnamon-for-diabetes-treatment-1087108
U0230,T7,Does cinnamon help diabetes?,Not Helpful,https://www.cochrane.org/CD007170/ENDOC_cinnamon-for-diabetes-mellitus
U0231,T7,Does cinnamon help diabetes?,Not Helpful,https://healthylivinglifefacts.com/cinnamon/
U0232,T7,Does cinnamon help diabetes?,Not Helpful,https://www.peoplespharmacy.com/2013/12/30/cinnamon-offers-health-benefits-but-also-carries-serious-risks/
U0233,T7,Does cinnamon help diabetes?,Not Helpful,https://www.cinnamonvogue.com/cinnamoncommonuses.html
U0234,T7,Does cinnamon help diabetes?,Not Helpful,https://www.healthline.com/nutrition/cinnamon-and-diabetes
U0235,T7,Does cinnamon help diabetes?,Not Helpful,https://forum.diabetes.org.uk/boards/threads/cinnamon.65266/
U0236,T7,Does cinnamon help diabetes?,Not Helpful,https://www.thediabetescouncil.com/fact-from-fiction-is-cinnamon-good-for-diabetes/
U0237,T7,Does cinnamon help diabetes?,Not Helpful,https://www.medicalnewstoday.com/articles/266069.php
U0238,T7,Does cinnamon help diabetes?,Not Helpful,https://academic.oup.com/ajcn/article/85/6/1552/4632985
U0239,T7,Does cinnamon help diabetes?,Not Helpful,https://basicofdiabetes.com/does-cinnamon-help-diabetes/
U0240,T7,Does cinnamon help diabetes?,Not Helpful,https://www.timesnownews.com/health/article/type-2-diabetes-diet-cinnamon-or-dalchini-benefits-the-best-spice-to-control-high-blood-sugar-body-weight/388260
U0241,T7,Does cinnamon help diabetes?,Not Helpful,https://www.healthline.com/health/can-cinnamon-ease-diabetes-symptoms
U0242,T7,Does cinnamon help diabetes?,Not Helpful,https://www.bbcgoodfood.com/howto/guide/health-benefits-cinnamon
U0243,T7,Does cinnamon help diabetes?,Not Helpful,https://www.everydayhealth.com/type-2-diabetes/diet/cinnamon-for-diabetes-treatment/
U0244,T7,Does cinnamon help diabetes?,Not Helpful,https://www.quora.com/Does-cinnamon-help-to-lower-blood-sugar-in-type-2-diabetics
U0245,T7,Does cinnamon help diabetes?,Not Helpful,https://www.webmd.com/diabetes/qa/does-cinnamon-help-diabetes
U0246,T7,Does cinnamon help diabetes?,Not Helpful,https://www.thehealthcloud.co.uk/health-benefits-cinnamon/
U0247,T7,Does cinnamon help diabetes?,Not Helpful,https://www.diabetes.co.uk/forum/threads/cinnamon-honey.22698/
U0248,T7,Does cinnamon help diabetes?,Not Helpful,http://www.cinnamonvogue.com/cinnamon_for_diabetes.html
U0249,T7,Does cinnamon help diabetes?,Not Helpful,https://www.naturalarthritistreatments.net/arthritis-in-general/cinnamon-for-arthritis
U0250,T7,Does cinnamon help diabetes?,Not Helpful,https://www.ncbi.nlm.nih.gov/pmc/articles/PMC4609100/
U0251,T7,Does cinnamon help diabetes?,Not Helpful,https://www.livestrong.com/article/507279-honey-cinnamon-diabetes-treatment/
U0252,T7,Does cinnamon help diabetes?,Not Helpful,https://nutritionfacts.org/2013/10/29/cinnamon-for-diabetes/
U0253,T8,Does melatonin help treat and prevent jet lag?,Helpful,https://www.researchgate.net/publication/278558018_The_efficacy_of_melatonin_in_the_treatment_of_jet_lag
U0254,T8,Does melatonin help treat and prevent jet lag?,Helpful,https://www.timeshifter.com/melatonin-for-jet-lag
U0255,T8,Does melatonin help treat and prevent jet lag?,Helpful,https://www.nhs.uk/news/medication/the-answer-to-jet-lag/
U0256,T8,Does melatonin help treat and prevent jet lag?,Helpful,https://www.cochrane.org/CD001520/DEPRESSN_melatonin-for-the-prevention-and-treatment-of-jet-lag
U0257,T8,Does melatonin help treat and prevent jet lag?,Helpful,https://www.ncbi.nlm.nih.gov/pubmed/12076414
U0258,T8,Does melatonin help treat and prevent jet lag?,Helpful,https://www.mayoclinic.org/diseases-conditions/jet-lag/diagnosis-treatment/drc-20374031
U0259,T8,Does melatonin help treat and prevent jet lag?,Helpful,https://bnfc.nice.org.uk/drug/melatonin.html
U0260,T8,Does melatonin help treat and prevent jet lag?,Helpful,https://bnf.nice.org.uk/drug/melatonin.html
U0261,T8,Does melatonin help treat and prevent jet lag?,Helpful,https://www.drugs.com/melatonin.html
U0262,T8,Does melatonin help treat and prevent jet lag?,Helpful,https://www.evidence.nhs.uk/search?q=melatonin
U0263,T8,Does melatonin help treat and prevent jet lag?,Helpful,https://www.healthline.com/health/melatonin-for-jet-lag
U0264,T8,Does melatonin help treat and prevent jet lag?,Helpful,https://www.healthcentre.org.uk/pharmacy/melatonin-how-to-use-melatonin.html
U0265,T8,Does melatonin help treat and prevent jet lag?,Helpful,https://www.medicinenet.com/jet_lag/article.htm
U0266,T8,Does melatonin help treat and prevent jet lag?,Helpful,https://www.webmd.com/sleep-disorders/features/jet-lag-remedies
U0267,T8,Does melatonin help treat and prevent jet lag?,Helpful,https://www.doctorfox.co.uk/jet-lag/
U0268,T8,Does melatonin help treat and prevent jet lag?,Helpful,https://nootriment.com/melatonin-for-jet-lag/
U0269,T8,Does melatonin help treat and prevent jet lag?,Helpful,https://en.wikipedia.org/wiki/Melatonin
U0270,T8,Does melatonin help treat and prevent jet lag?,Helpful,https://www.nhs.uk/conditions/Jet-lag/
U0271,T8,Does melatonin help treat and prevent jet lag?,Helpful,http://www.nojetlag.com/melatonin.html
U0272,T8,Does melatonin help treat and prevent jet lag?,Helpful,https://www.ncbi.nlm.nih.gov/pmc/articles/PMC2829880/
U0273,T8,Does melatonin help treat and prevent jet lag?,Helpful,https://flowingfree.org/using-melatonin-to-eliminate-jet-lag/
U0274,T8,Does melatonin help treat and prevent jet lag?,Helpful,https://www.ncbi.nlm.nih.gov/pmc/articles/PMC3086113/
U0275,T8,Does melatonin help treat and prevent jet lag?,Helpful,https://www.onemedical.com/blog/live-well/prevent-jet-lag/
U0276,T8,Does melatonin help treat and prevent jet lag?,Helpful,https://www.vox.com/2016/4/25/11425856/what-is-melatonin-sleep
U0277,T8,Does melatonin help treat and prevent jet lag?,Helpful,https://www.researchgate.net/publication/14923885_Melatonin_and_jet_lag_Treatment_schedule
U0278,T8,Does melatonin help treat and prevent jet lag?,Helpful,https://www.nhs.uk/conditions/insomnia/
U0279,T8,Does melatonin help treat and prevent jet lag?,Helpful,https://www.sleepfoundation.org/articles/melatonin-and-sleep
U0280,T8,Does melatonin help treat and prevent jet lag?,Helpful,https://www.thecut.com/2017/05/melatonin-benefits-sleep-jet-lag-cure.html
U0281,T8,Does melatonin help treat and prevent jet lag?,Helpful,https://www.jetlags.org/jetlag-information/can-melatonin-help-with-jet-lag/
U0282,T8,Does melatonin help treat and prevent jet lag?,Helpful,https://en.wikipedia.org/wiki/Jet_lag
U0283,T8,Does melatonin help treat and prevent jet lag?,Helpful,https://www.theguardian.com/lifeandstyle/2017/jan/30/is-it-safe-to-use-melatonin-for-jet-lag-insomnia
U0284,T8,Does melatonin help treat and prevent jet lag?,Helpful,https://www.aafp.org/afp/2002/1201/p2087.html
U0285,T8,Does melatonin help treat and prevent jet lag?,Helpful,https://jetlags.org/jetlag-information/can-melatonin-help-with-jet-lag/
U0286,T8,Does melatonin help treat and prevent jet lag?,Helpful,https://www.betterhealth.vic.gov.au/health/healthyliving/jet-lag
U0287,T8,Does melatonin help treat and prevent jet lag?,Helpful,https://www.ncbi.nlm.nih.gov/pmc/articles/PMC2907932/
U0288,T8,Does melatonin help treat and prevent jet lag?,Helpful,https://www.researchgate.net/publication/11353143_Melatonin_in_sleep_disorders_and_jet-lag
U0289,T8,Does melatonin help treat and prevent jet lag?,Helpful,https://www.sleep.org/articles/melatonin/
U0290,T8,Does melatonin help treat and prevent jet lag?,Helpful,https://www.wikidata.org/wiki/Q1130172
U0291,T8,Does melatonin help treat and prevent jet lag?,Helpful,https://www.mayoclinic.org/about-mayo-clinic
U0292,T8,Does melatonin help treat and prevent jet lag?,Helpful,https://www.fodors.com/news/10-tips-to-avoid-jet-lag-4457
U0293,T8,Does melatonin help treat and prevent jet lag?,Helpful,https://www.tinyqualityhomes.org/prevent-or-cure-jet-lag/
U0294,T8,Does melatonin help treat and prevent jet lag?,Helpful,https://www.preventions.com/how-to-prevent-jet-lag/
U0295,T8,Does melatonin help treat and prevent jet lag?,Helpful,https://wwwnc.cdc.gov/travel/page/jet-lag
U0296,T8,Does melatonin help treat and prevent jet lag?,Helpful,https://www.wikihow.com/Avoid-Jet-Lag
U0297,T8,Does melatonin help treat and prevent jet lag?,Helpful,https://traveltips.usatoday.com/jet-lag-prevention-13456.html
U0298,T8,Does melatonin help treat and prevent jet lag?,Helpful,https://pubchem.ncbi.nlm.nih.gov/compound/Melatonin
U0299,T8,Does melatonin help treat and prevent jet lag?,Helpful,https://en.wikipedia.org/wiki/Jetlag
U0300,T10,Does traction help low back pain?,Not Helpful,https://storage.googleapis.com/quetechce-com/material/Low_Back_Pain_Lumbar_Traction.pdf
U0301,T10,Does traction help low back pain?,Not Helpful,https://iwh.on.ca/summaries/research-highlights/is-traction-effective-in-treating-low-back-pain
U0302,T10,Does traction help low back pain?,Not Helpful,https://bmcmusculoskeletdisord.biomedcentral.com/articles/10.1186/1471-2474-8-118
U0303,T10,Does traction help low back pain?,Not Helpful,https://www.ncbi.nlm.nih.gov/pubmedhealth/PMH0011752/
U0304,T10,Does traction help low back pain?,Not Helpful,https://neckhammock.com/blogs/blog-posts/is-neck-traction-safe
U0305,T10,Does traction help low back pain?,Not Helpful,https://www.spineuniverse.com/treatments/bracing/cervical-spine-bracing-options-halo-ring-crowns-or-vest
U0306,T10,Does traction help low back pain?,Not Helpful,https://en.wikipedia.org/wiki/Traction_(orthopedics)
U0307,T10,Does traction help low back pain?,Not Helpful,https://www.sciencedirect.com/topics/medicine-and-dentistry/cervical-traction
U0308,T10,Does traction help low back pain?,Not Helpful,https://www.physio-pedia.com/Lumbar_Traction
U0309,T10,Does traction help low back pain?,Not Helpful,https://www.mayoclinic.org/diseases-conditions/back-pain/expert-answers/inversion-therapy/faq-20057951
U0310,T10,Does traction help low back pain?,Not Helpful,https://www.gosh.nhs.uk/health-professionals/clinical-guidelines/spinal-traction
U0311,T10,Does traction help low back pain?,Not Helpful,https://www.evidence.nhs.uk/search?q=traction+splint
U0312,T10,Does traction help low back pain?,Not Helpful,https://www.cochrane.org/CD003010/BACK_traction-for-low-back-pain
U0313,T10,Does traction help low back pain?,Not Helpful,https://www.nhs.uk/live-well/exercise/lower-back-pain-exercises/
U0314,T10,Does traction help low back pain?,Not Helpful,https://www.nhs.uk/conditions/back-pain/treatment/
U0315,T10,Does traction help low back pain?,Not Helpful,https://www.nice.org.uk/guidance/cg88/documents/low-back-pain-final-scope2
U0316,T10,Does traction help low back pain?,Not Helpful,https://chiro-trust.org/back-pain/would-traction-help-my-back-pain/
U0317,T10,Does traction help low back pain?,Not Helpful,https://www.verywellhealth.com/does-spinal-decompression-help-low-back-pain-2696278
U0318,T10,Does traction help low back pain?,Not Helpful,https://www.webmd.com/back-pain/guide/spinal-decompression-therapy-surgical-nonsurgical
U0319,T10,Does traction help low back pain?,Not Helpful,https://www.thefreedictionary.com/traction
U0320,T10,Does traction help low back pain?,Not Helpful,https://torontophysiotherapy.ca/traction-or-spinal-decompression-therapy-doesnt-help-lower-back-pain/
U0321,T10,Does traction help low back pain?,Not Helpful,https://www.spine-health.com/conditions/lower-back-pain/lower-back-pain-symptoms-diagnosis-and-treatment
U0322,T10,Does traction help low back pain?,Not Helpful,https://www.researchgate.net/publication/6384272_Traction_for_low-back_pain_with_or_without_sciatica
U0323,T10,Does traction help low back pain?,Not Helpful,https://www.ncbi.nlm.nih.gov/pubmed/23959683/
U0324,T10,Does traction help low back pain?,Not Helpful,https://tlcorthopedics.com/traction-for-low-back-pain
U0325,T10,Does traction help low back pain?,Not Helpful,https://www.verywellhealth.com/lumbar-traction-offers-no-benefit-for-back-pain-3999170
U0326,T10,Does traction help low back pain?,Not Helpful,https://www.youtube.com/watch?v=PJO_-xBIh9s
U0327,T10,Does traction help low back pain?,Not Helpful,https://www.ncbi.nlm.nih.gov/pubmedhealth/PMH0020109/
U0328,T10,Does traction help low back pain?,Not Helpful,https://www.healthline.com/health/spinal-traction
U0329,T10,Does traction help low back pain?,Not Helpful,https://www.ncbi.nlm.nih.gov/pmc/articles/PMC2217540/
U0330,T10,Does traction help low back pain?,Not Helpful,https://www.nhs.uk/conditions/back-pain/causes/
U0331,T10,Does traction help low back pain?,Not Helpful,https://pain-in-lower-back.com/traction-for-lower-back-pain/
U0332,T10,Does traction help low back pain?,Not Helpful,https://www.ninds.nih.gov/Disorders/Patient-Caregiver-Education/Fact-Sheets/Low-Back-Pain-Fact-Sheet
U0333,T10,Does traction help low back pain?,Not Helpful,https://medical-dictionary.thefreedictionary.com/traction
U0334,T10,Does traction help low back pain?,Not Helpful,https://www.cure-back-pain.org/traction-for-back-pain.html
U0335,T10,Does traction help low back pain?,Not Helpful,https://www.researchgate.net/publication/10858051_The_efficacy_of_lumbar_traction_in_the_management_of_patients_with_low_back_pain
U0336,T10,Does traction help low back pain?,Not Helpful,https://www.ncbi.nlm.nih.gov/pmc/articles/PMC2874768/
U0337,T10,Does traction help low back pain?,Not Helpful,https://www.ncbi.nlm.nih.gov/pmc/articles/PMC1479671/
U0338,T10,Does traction help low back pain?,Not Helpful,https://journals.lww.com/spinejournal/Abstract/2006/06150/Traction_for_Low_Back_Pain_With_or_Without.15.aspx
U0339,T10,Does traction help low back pain?,Not Helpful,http://www.portobellophysio.ie/disc-related-lower-back-pain-and-the-benefits-of-traction/
U0340,T10,Does traction help low back pain?,Not Helpful,https://www.spine-health.com/forum/discussion/99604/arthritis-osteoarthritis/sciatica-leg-pain-radiculopathy/does-traction-help
U0341,T10,Does traction help low back pain?,Not Helpful,https://www.youtube.com/watch?v=X-7v6HMlX2s
U0342,T10,Does traction help low back pain?,Not Helpful,https://www.berkeleywellness.com/self-care/home-remedies/article/self-traction-back-pain
U0343,T10,Does traction help low back pain?,Not Helpful,https://www.youtube.com/watch?v=1cpOdDIMh24
U0344,T10,Does traction help low back pain?,Not Helpful,https://www.ebay.co.uk/sch/i.html?_nkw=back+traction+device
U0345,T10,Does traction help low back pain?,Not Helpful,https://back-pain-relief-products.net/back-traction-at-home/
U0346,T10,Does traction help low back pain?,Not Helpful,https://www.bestforbackpain.com/top-7-best-lumbar-traction-devices-for-back-pain-relief-2017.html
U0347,T10,Does traction help low back pain?,Not Helpful,https://grouptherapylondon.net/group-therapy/traction-for-low-back-pain/
U0348,T10,Does traction help low back pain?,Not Helpful,https://www.sharecare.com/health/back-pain/can-traction-help-back-pain
U0349,T10,Does traction help low back pain?,Not Helpful,https://www.prevention.com/health/a20461629/highly-effective-treatments-for-lower-back-pain/
U0350,T10,Does traction help low back pain?,Not Helpful,https://www.fitnessmagazine.com/health/injury/back/back-pain-causes-and-treatments/
U0351,T10,Does traction help low back pain?,Not Helpful,https://www.bupa.co.uk/health-information/back-care/back-pain
U0352,T10,Does traction help low back pain?,Not Helpful,https://www.mayoclinic.org/
U0353,T10,Does traction help low back pain?,Not Helpful,https://en.wikipedia.org/wiki/Mayo_Clinic
U0354,T10,Does traction help low back pain?,Not Helpful,https://www.ncbi.nlm.nih.gov/pmc/articles/PMC3056276/
U0355,T10,Does traction help low back pain?,Not Helpful,https://www.healthline.com/health/lower-back-pain-treatment-options
U0356,T10,Does traction help low back pain?,Not Helpful,https://melioguide.com/physical-therapy-continuing-education/traction-back-pain-treatment/
U0357,T10,Does traction help low back pain?,Not Helpful,http://seattlebackpain.com/treatment-method-pros-cons/
U0358,T5,Do sealants prevent dental decay in the permanent teeth?,Helpful,https://www.cosmeticdentistrycenter.com/blog/can-sealants-eliminate-tooth-decay
U0359,T5,Do sealants prevent dental decay in the permanent teeth?,Helpful,https://www.cdc.gov/vitalsigns/dental-sealants/index.html
U0360,T5,Do sealants prevent dental decay in the permanent teeth?,Helpful,https://www.mouthhealthy.org/en/az-topics/s/sealants
U0361,T5,Do sealants prevent dental decay in the permanent teeth?,Helpful,https://www.cochrane.org/CD001830/ORAL_sealants-preventing-tooth-decay-permanent-teeth
U0362,T5,Do sealants prevent dental decay in the permanent teeth?,Helpful,https://www.curetoothdecay.com/Dentistry/dental_sealants.htm
U0363,T5,Do sealants prevent dental decay in the permanent teeth?,Helpful,https://en.wikipedia.org/wiki/Dental_sealant
U0364,T5,Do sealants prevent dental decay in the permanent teeth?,Helpful,https://www.healthdirect.gov.au/dental-fissure-sealants
U0365,T5,Do sealants prevent dental decay in the permanent teeth?,Helpful,https://www.nhs.uk/using-the-nhs/nhs-services/dentists/understanding-nhs-dental-charges/
U0366,T5,Do sealants prevent dental decay in the permanent teeth?,Helpful,https://www.dentalhealth.ie/download/pdf/fissure_sealant_booklet.pdf
U0367,T5,Do sealants prevent dental decay in the permanent teeth?,Helpful,https://www.evidence.nhs.uk/search?q=fissure%20sealants
U0368,T5,Do sealants prevent dental decay in the permanent teeth?,Helpful,https://www.nice.org.uk/guidance/conditions-and-diseases/oral-and-dental-health
U0369,T5,Do sealants prevent dental decay in the permanent teeth?,Helpful,https://www.kch.nhs.uk/Doc/pl%20-%20773.1%20-%20fissure%20sealants.pdf
U0370,T5,Do sealants prevent dental decay in the permanent teeth?,Helpful,https://www.todaysdentistry.com.au/more-about-fissure-sealants/
U0371,T5,Do sealants prevent dental decay in the permanent teeth?,Helpful,https://www.nidcr.nih.gov/research/data-statistics/dental-sealants
U0372,T5,Do sealants prevent dental decay in the permanent teeth?,Helpful,https://en.wikipedia.org/wiki/Sealant
U0373,T5,Do sealants prevent dental decay in the permanent teeth?,Helpful,https://en.wikipedia.org/wiki/Dental_sealants
U0374,T5,Do sealants prevent dental decay in the permanent teeth?,Helpful,https://www.strongsmilesdental.com/blog/sealants-prevent-tooth-decay/
U0375,T5,Do sealants prevent dental decay in the permanent teeth?,Helpful,https://www.cdc.gov/oralhealth/dental_sealant_program/index.htm
U0376,T5,Do sealants prevent dental decay in the permanent teeth?,Helpful,https://www.nhs.uk/live-well/healthy-body/taking-care-of-childrens-teeth/
U0377,T5,Do sealants prevent dental decay in the permanent teeth?,Helpful,http://www.bsdht.org.uk/dhcontact/pit-and-fissure-sealants-for-preventing-dental-decay-in-permanent-teeth
U0378,T5,Do sealants prevent dental decay in the permanent teeth?,Helpful,https://www.wickes.co.uk/Products/Nails%2C-Screws+Adhesives/Sealants/c/1000006
U0379,T5,Do sealants prevent dental decay in the permanent teeth?,Helpful,https://www.webmd.com/oral-health/guide/dental-sealants
U0380,T5,Do sealants prevent dental decay in the permanent teeth?,Helpful,https://www.canstockphoto.co.uk/images-photos/dental-sealants.html
U0381,T5,Do sealants prevent dental decay in the permanent teeth?,Helpful,https://www.ncbi.nlm.nih.gov/pmc/articles/PMC3676186/
U0382,T5,Do sealants prevent dental decay in the permanent teeth?,Helpful,https://www.cochranelibrary.com/cdsr/doi/10.1002/14651858.CD001830.pub4/abstract
U0383,T5,Do sealants prevent dental decay in the permanent teeth?,Helpful,https://www.webmd.com/oral-health/sealants
U0384,T5,Do sealants prevent dental decay in the permanent teeth?,Helpful,https://moopendentalcare.co.uk/treatments/fissure-sealants/
U0385,T5,Do sealants prevent dental decay in the permanent teeth?,Helpful,https://www.colgate.com/en-us/oral-health/procedures/sealants/what-is-a-sealant-for-teeth-and-what-function-does-it-serve-0515
U0386,T5,Do sealants prevent dental decay in the permanent teeth?,Helpful,https://www.ncbi.nlm.nih.gov/pubmedhealth/PMH0011213/
U0387,T5,Do sealants prevent dental decay in the permanent teeth?,Helpful,https://www.cochranelibrary.com/cdsr/doi/10.1002/14651858.CD001830.pub5/abstract
U0388,T5,Do sealants prevent dental decay in the permanent teeth?,Helpful,https://www.nidcr.nih.gov/sites/default/files/2018-10/seal-out-tooth-decay_0.pdf
U0389,T5,Do sealants prevent dental decay in the permanent teeth?,Helpful,https://www.dentalhealth.ie/dentalhealth/causes/dentalcaries.html
U0390,T5,Do sealants prevent dental decay in the permanent teeth?,Helpful,https://www.colgate.com/en-us/oral-health/procedures/sealants/are-there-dental-sealant-dangers-0317-
U0391,T5,Do sealants prevent dental decay in the permanent teeth?,Helpful,https://www.nhs.uk/conditions/tooth-decay/
U0392,T5,Do sealants prevent dental decay in the permanent teeth?,Helpful,https://dentistkansascityks.com/sealants-for-teeth-2/
U0393,T5,Do sealants prevent dental decay in the permanent teeth?,Helpful,https://www.colgate.com/en-us/oral-health/procedures/sealants/ada-03-preventing-and-halting-tooth-decay-with-sealants
U0394,T5,Do sealants prevent dental decay in the permanent teeth?,Helpful,https://www.animated-teeth.com/tooth_sealants/t1_sealing_teeth.htm
U0395,T5,Do sealants prevent dental decay in the permanent teeth?,Helpful,https://www.colgate.com.au/oral-health/procedures/sealants/do-sealants-prevent-cavities
U0396,T5,Do sealants prevent dental decay in the permanent teeth?,Helpful,https://www.dentistrybydery.com/blog/sealants-prevent-tooth-decay/
U0397,T5,Do sealants prevent dental decay in the permanent teeth?,Helpful,https://www.cdhp.org/resources/314-dental-sealants-proven-to-prevent-tooth-decay
U0398,T5,Do sealants prevent dental decay in the permanent teeth?,Helpful,https://mansfielddental.com/2019/06/will-dental-sealants-prevent-childhood-cavities/
U0399,T5,Do sealants prevent dental decay in the permanent teeth?,Helpful,https://blog.decaredental.ie/2015/04/20/dental-sealants-prevent-tooth-decay/
U0400,T5,Do sealants prevent dental decay in the permanent teeth?,Helpful,https://www.mchoralhealth.org/PDFs/OHDentSealantfactsheet.pdf
U0401,T5,Do sealants prevent dental decay in the permanent teeth?,Helpful,https://www.healthypeople.gov/2020/tools-resources/evidence-based-resource/pit-and-fissure-sealants-for-preventing-dental-decay-in
U0402,T5,Do sealants prevent dental decay in the permanent teeth?,Helpful,https://www.dentistapplevalleymn.com/blog/sealants-prevent-tooth-decay/
U0403,T5,Do sealants prevent dental decay in the permanent teeth?,Helpful,https://www.colgate.com/en-us/oral-health/procedures/sealants/how-long-do-sealants-last-and-how-to-wear-them-well-0915
U0404,T5,Do sealants prevent dental decay in the permanent teeth?,Helpful,https://www.ncbi.nlm.nih.gov/pmc/articles/PMC1381853/
U0405,T5,Do sealants prevent dental decay in the permanent teeth?,Helpful,https://caliberdental.com/2019/05/03/dental-sealants-prevent-decay/
U0406,T5,Do sealants prevent dental decay in the permanent teeth?,Helpful,https://orawellness.com/are-dental-sealants-safe/
U0407,T5,Do sealants prevent dental decay in the permanent teeth?,Helpful,https://www.colgate.com/en-us/oral-health/procedures/sealants/dental-sealants
U0408,T5,Do sealants prevent dental decay in the permanent teeth?,Helpful,https://www.allbrightdentalny.com/mamaroneck-ny/why-dental-sealants-protect-childs-teeth/
U0409,T5,Do sealants prevent dental decay in the permanent teeth?,Helpful,https://www.yourdentistryguide.com/sealants/
U0410,T5,Do sealants prevent dental decay in the permanent teeth?,Helpful,https://www.portsmouthdentalcare.net/blog/sealants-prevent-tooth-decay/
U0411,T5,Do sealants prevent dental decay in the permanent teeth?,Helpful,https://www.ncbi.nlm.nih.gov/pmc/articles/PMC5149099/
U0412,T5,Do sealants prevent dental decay in the permanent teeth?,Helpful,https://toothfairypediatricdental.com/dental-sealants-prevent-kids-tooth-decay/
U0413,T5,Do sealants prevent dental decay in the permanent teeth?,Helpful,https://www.healthline.com/health/dental-and-oral-health/how-to-get-rid-of-cavities
U0414,T5,Do sealants prevent dental decay in the permanent teeth?,Helpful,https://www.webmd.com/oral-health/guide/tooth-decay-prevention
U0415,T5,Do sealants prevent dental decay in the permanent teeth?,Helpful,https://www.ncbi.nlm.nih.gov/pmc/articles/PMC3982302/
U0416,T5,Do sealants prevent dental decay in the permanent teeth?,Helpful,https://www.ncbi.nlm.nih.gov/pubmed?term=dental+sealants+effectiveness&cmd=DetailsSearch
U0417,T5,Do sealants prevent dental decay in the permanent teeth?,Helpful,https://www.colgate.com/en-us/oral-health/life-stages/childrens-oral-care/toddler-tooth-decay-and-how-to-prevent-it-0314
U0418,T5,Do sealants prevent dental decay in the permanent teeth?,Helpful,https://comprehensivedentistry.com.au/sealants-and-decay/
U0419,T1,Do antioxidants help female subfertility?,Not Helpful,https://research-repository.uwa.edu.au/en/publications/antioxidants-for-female-subfertility-3
U0420,T1,Do antioxidants help female subfertility?,Not Helpful,http://onlinelibrary.wiley.com/o/cochrane/clsysrev/articles/CD007807/frame.html
U0421,T1,Do antioxidants help female subfertility?,Not Helpful,https://www.altmetric.com/details/22981764
U0422,T1,Do antioxidants help female subfertility?,Not Helpful,https://www.researchgate.net/publication/255178538_Antioxidants_for_female_subfertility
U0423,T1,Do antioxidants help female subfertility?,Not Helpful,https://research-repository.uwa.edu.au/en/publications/antioxidants-for-female-subfertility
U0424,T1,Do antioxidants help female subfertility?,Not Helpful,https://www.sciencedirect.com/science/article/pii/S0015028218304291
U0425,T1,Do antioxidants help female subfertility?,Not Helpful,https://www.cochranelibrary.com/cdsr/doi/10.1002/14651858.CD007807.pub2/abstract
U0426,T1,Do antioxidants help female subfertility?,Not Helpful,https://www.ncbi.nlm.nih.gov/pmc/articles/PMC3943921/
U0427,T1,Do antioxidants help female subfertility?,Not Helpful,https://www.ncbi.nlm.nih.gov/pmc/articles/PMC2772106/
U0428,T1,Do antioxidants help female subfertility?,Not Helpful,https://www.ncbi.nlm.nih.gov/pmc/articles/PMC4216437/
U0429,T1,Do antioxidants help female subfertility?,Not Helpful,https://www.endo-plus.com/wp-content/uploads/2018/05/Endo-plus-antioxidants-for-female-subfertility.pdf
U0430,T1,Do antioxidants help female subfertility?,Not Helpful,https://www.thelancet.com/journals/lancet/article/PIIS0140-6736(02)09417-5/fulltext
U0431,T1,Do antioxidants help female subfertility?,Not Helpful,https://www.fertstert.org/article/S0015-0282(18)30429-1/pdf
U0432,T1,Do antioxidants help female subfertility?,Not Helpful,https://www.cochrane.org/podcasts/10.1002/14651858.CD007411.pub3
U0433,T1,Do antioxidants help female subfertility?,Not Helpful,https://www.fertstert.org/article/S0015-0282(18)30429-1/fulltext
U0434,T1,Do antioxidants help female subfertility?,Not Helpful,https://www.wikidata.org/wiki/Q24234711
U0435,T1,Do antioxidants help female subfertility?,Not Helpful,https://en.wikipedia.org/wiki/Female_subfertility
U0436,T1,Do antioxidants help female subfertility?,Not Helpful,https://www.nhs.uk/news/pregnancy-and-child/do-antioxidants-help-male-fertility/
U0437,T1,Do antioxidants help female subfertility?,Not Helpful,https://www.cochrane.org/podcasts/10.1002/14651858.CD007807.pub3
U0438,T1,Do antioxidants help female subfertility?,Not Helpful,http://publichealthwell.ie/search-results/antioxidants-female-subfertility
U0439,T1,Do antioxidants help female subfertility?,Not Helpful,https://www.ncbi.nlm.nih.gov/pmc/articles/PMC2749720/
U0440,T1,Do antioxidants help female subfertility?,Not Helpful,https://www.cochrane.org/CD007807/MENSTR_vitamins-and-minerals-subfertility-women
U0441,T1,Do antioxidants help female subfertility?,Not Helpful,https://www.sciencedaily.com/releases/2013/08/130805092357.htm
U0442,T1,Do antioxidants help female subfertility?,Not Helpful,https://www.theadventurouswriter.com/blogbaby/do-antioxidants-increase-fertility/
U0443,T1,Do antioxidants help female subfertility?,Not Helpful,https://www.ncbi.nlm.nih.gov/pubmed/23913583
U0444,T1,Do antioxidants help female subfertility?,Not Helpful,https://www.ncbi.nlm.nih.gov/pmc/articles/PMC5203687/
U0445,T1,Do antioxidants help female subfertility?,Not Helpful,https://www.nhs.uk/conditions/Infertility/
U0446,T1,Do antioxidants help female subfertility?,Not Helpful,https://jonbarron.org/article/antioxidants-and-fertility
U0447,T1,Do antioxidants help female subfertility?,Not Helpful,https://www.wikidata.org/wiki/Q24200558
U0448,T1,Do antioxidants help female subfertility?,Not Helpful,https://www.ncbi.nlm.nih.gov/pubmedhealth/PMH0057984/
U0449,T1,Do antioxidants help female subfertility?,Not Helpful,http://www.evidentlycochrane.net/no-good-evidence-that-antioxidants-will-help-you-get-pregnant/
U0450,T1,Do antioxidants help female subfertility?,Not Helpful,https://www.nhs.uk/conditions/infertility/causes/
U0451,T1,Do antioxidants help female subfertility?,Not Helpful,https://www.researchgate.net/publication/318755158_Antioxidants_for_female_subfertility
U0452,T1,Do antioxidants help female subfertility?,Not Helpful,https://reference.medscape.com/medline/abstract/28752910
U0453,T1,Do antioxidants help female subfertility?,Not Helpful,https://www.cochrane.org/CD007411/MENSTR_antioxidants-male-subfertility
U0454,T1,Do antioxidants help female subfertility?,Not Helpful,https://en.wikipedia.org/wiki/Cochrane_(organisation)
U0455,T1,Do antioxidants help female subfertility?,Not Helpful,https://www.ncbi.nlm.nih.gov/pubmedhealth/PMH0014449/
U0456,T1,Do antioxidants help female subfertility?,Not Helpful,https://www.ncbi.nlm.nih.gov/pmc/articles/PMC3921845/
U0457,T1,Do antioxidants help female subfertility?,Not Helpful,https://www.sciencedirect.com/science/article/pii/S0140673602094175
U0458,T1,Do antioxidants help female subfertility?,Not Helpful,https://en.wikipedia.org/wiki/Antioxidant
U0459,T1,Do antioxidants help female subfertility?,Not Helpful,https://academic.oup.com/humrep/article/20/5/1144/2356853
U0460,T1,Do antioxidants help female subfertility?,Not Helpful,https://www.slideshare.net/LifecareCentre/role-of-antioxidants-in-female-infertility-dr-jyoti-agarwal
U0461,T1,Do antioxidants help female subfertility?,Not Helpful,https://menfertility.org/effects-of-antioxidants-on-male-fertility/
U0462,T1,Do antioxidants help female subfertility?,Not Helpful,https://medical-dictionary.thefreedictionary.com/subfertility
U0463,T1,Do antioxidants help female subfertility?,Not Helpful,https://www.cochranelibrary.com/cdsr/doi/10.1002/14651858.CD007807.pub3/abstract
U0464,T1,Do antioxidants help female subfertility?,Not Helpful,https://www.cochrane.org/CD007677/MENSTR_pentoxifylline-for-premenopausal-subfertile-women-with-endometriosis
U0465,T1,Do antioxidants help female subfertility?,Not Helpful,https://www.fertilityauthority.com/blog/kym-campbell/2017/1/20/using-antioxidants-improve-male-infertility
U0466,T1,Do antioxidants help female subfertility?,Not Helpful,http://www.eurekaselect.com/86321
U0467,T1,Do antioxidants help female subfertility?,Not Helpful,https://www.bbc.com/news/health-12215496
U0468,T1,Do antioxidants help female subfertility?,Not Helpful,https://www.bionews.org.uk/page_94240
U0469,T1,Do antioxidants help female subfertility?,Not Helpful,https://www.theadventurouswriter.com/blogbaby/cause-infertility-women-antioxidants/
U0470,T1,Do antioxidants help female subfertility?,Not Helpful,https://www.healthline.com/health/subfertility
U0471,T1,Do antioxidants help female subfertility?,Not Helpful,https://www.nhs.uk/conditions/infertility/treatment/
U0472,T1,Do antioxidants help female subfertility?,Not Helpful,https://www.ncbi.nlm.nih.gov/pmc/articles/PMC4019337/
U0473,T1,Do antioxidants help female subfertility?,Not Helpful,https://www.nutraingredients.com/Article/2013/08/05/Cochrane-Antioxidants-don-t-increase-female-fertility
U0474,T1,Do antioxidants help female subfertility?,Not Helpful,http://onlinelibrary.wiley.com/doi/10.1002/14651858.CD007807/full
U0475,T1,Do antioxidants help female subfertility?,Not Helpful,https://health.howstuffworks.com/wellness/food-nutrition/facts/antioxidant1.htm
U0476,T1,Do antioxidants help female subfertility?,Not Helpful,https://www.facebook.com/AskTheScientists/posts/815715221919755:0
U0477,T1,Do antioxidants help female subfertility?,Not Helpful,https://archive.org/details/pubmed-PMC3955420
U0478,T1,Do antioxidants help female subfertility?,Not Helpful,https://ndnr.com/fertility/antioxidants-for-female-infertility-a-review-of-the-literature/
U0479,T1,Do antioxidants help female subfertility?,Not Helpful,https://www.evidence.nhs.uk/search?q=antioxidants
U0480,T2,Do benzodiazepines help alcohol withdrawal?,Helpful,https://www.ncbi.nlm.nih.gov/pmc/articles/PMC4606320/
U0481,T2,Do benzodiazepines help alcohol withdrawal?,Helpful,https://www.sciencedirect.com/science/article/pii/002239569090043P
U0482,T2,Do benzodiazepines help alcohol withdrawal?,Helpful,https://en.wikipedia.org/wiki/Benzodiazepine
U0483,T2,Do benzodiazepines help alcohol withdrawal?,Helpful,https://drugscience.org.uk/drug-information/benzodiazepines/
U0484,T2,Do benzodiazepines help alcohol withdrawal?,Helpful,https://www.drugs.com/drug-class/benzodiazepines.html
U0485,T2,Do benzodiazepines help alcohol withdrawal?,Helpful,https://www.mind.org.uk/information-support/drugs-and-treatments/sleeping-pills-and-minor-tranquillisers/about-benzodiazepines/
U0486,T2,Do benzodiazepines help alcohol withdrawal?,Helpful,https://www.webmd.com/mental-health/addiction/benzodiazepine-abuse
U0487,T2,Do benzodiazepines help alcohol withdrawal?,Helpful,https://bnf.nice.org.uk/drug-class/benzodiazepines.html
U0488,T2,Do benzodiazepines help alcohol withdrawal?,Helpful,https://www.ncbi.nlm.nih.gov/pmc/articles/PMC4085800/
U0489,T2,Do benzodiazepines help alcohol withdrawal?,Helpful,https://www.addictioncenter.com/alcohol/benzodiazepines-alcohol-withdrawal/
U0490,T2,Do benzodiazepines help alcohol withdrawal?,Helpful,https://www.ncbi.nlm.nih.gov/pmc/articles/PMC4657308/
U0491,T2,Do benzodiazepines help alcohol withdrawal?,Helpful,https://www.ncbi.nlm.nih.gov/pubmed/7525193/
U0492,T2,Do benzodiazepines help alcohol withdrawal?,Helpful,https://pathways.nice.org.uk/pathways/alcohol-use-disorders/acute-alcohol-withdrawal
U0493,T2,Do benzodiazepines help alcohol withdrawal?,Helpful,https://www.who.int/mental_health/mhgap/evidence/alcohol/q2/en/
U0494,T2,Do benzodiazepines help alcohol withdrawal?,Helpful,https://www.cochrane.org/CD005063/ADDICTN_benzodiazepines-for-alcohol-withdrawal
U0495,T2,Do benzodiazepines help alcohol withdrawal?,Helpful,https://en.wikipedia.org/wiki/Benzodiazepine_withdrawal_syndrome
U0496,T2,Do benzodiazepines help alcohol withdrawal?,Helpful,https://www.aoaam.org/resources/Documents/2018%20Convention%20Slides/Saturday%20-%2010-6-2018%20-%2011am%20-%20Management%20of%20Withdrawal%20-%20Alcohol%20Benzodiazepines%20Opioids%20-%20Kmiec.pdf
U0497,T2,Do benzodiazepines help alcohol withdrawal?,Helpful,https://simple.wikipedia.org/wiki/Alcohol_withdrawal
U0498,T2,Do benzodiazepines help alcohol withdrawal?,Helpful,https://www.alcoholrehabguide.org/treatment/benzodiazepines/
U0499,T2,Do benzodiazepines help alcohol withdrawal?,Helpful,https://www.ncbi.nlm.nih.gov/pubmed/17323538
U0500,T2,Do benzodiazepines help alcohol withdrawal?,Helpful,https://www.ebay.co.uk/sch/i.html?_nkw=tranquilizers
U0501,T2,Do benzodiazepines help alcohol withdrawal?,Helpful,http://www.sbir-diba.ca/follow-up-and-support/withdrawal-monitoring-and-management/medications-for-management-of-alcohol-withdrawal
U0502,T2,Do benzodiazepines help alcohol withdrawal?,Helpful,https://www.thefreedictionary.com/benzodiazepines
U0503,T2,Do benzodiazepines help alcohol withdrawal?,Helpful,https://www.youtube.com/watch?v=VWCs-1nAhWs
U0504,T2,Do benzodiazepines help alcohol withdrawal?,Helpful,https://www.alcohol.org/mixing-with/benzodiazepine/
U0505,T2,Do benzodiazepines help alcohol withdrawal?,Helpful,https://www.addictionhelper.com/alcohol/benzodiazepines-alcohol-withdrawal/
U0506,T2,Do benzodiazepines help alcohol withdrawal?,Helpful,https://www.ncbi.nlm.nih.gov/pubmedhealth/?term=benzodiazepine%20for%20alcohol%20withdrawal
U0507,T2,Do benzodiazepines help alcohol withdrawal?,Helpful,https://www.ukat.co.uk/benzodiazepines/withdrawal-detox/
U0508,T2,Do benzodiazepines help alcohol withdrawal?,Helpful,https://www.alcoholrehabguide.org/alcohol/withdrawal/
U0509,T2,Do benzodiazepines help alcohol withdrawal?,Helpful,https://fit-recovery.com/xanax-for-alcohol-withdrawal/
U0510,T2,Do benzodiazepines help alcohol withdrawal?,Helpful,https://answers.yahoo.com/question/index?qid=20090423235112AAcoRPq
U0511,T2,Do benzodiazepines help alcohol withdrawal?,Helpful,https://www.graniterecoverycenters.com/benzo-detox-withdrawal/
U0512,T2,Do benzodiazepines help alcohol withdrawal?,Helpful,https://fit-recovery.com/valium-for-alcohol-withdrawal/
U0513,T2,Do benzodiazepines help alcohol withdrawal?,Helpful,https://www.nhs.uk/conditions/alcohol-misuse/treatment/
U0514,T2,Do benzodiazepines help alcohol withdrawal?,Helpful,https://www.ncbi.nlm.nih.gov/pubmed/6641099
U0515,T2,Do benzodiazepines help alcohol withdrawal?,Helpful,https://www.psychologytoday.com/us/blog/all-about-addiction/201205/treating-alcohol-withdrawal-benzodiazepines-safe-if-mindful
U0516,T2,Do benzodiazepines help alcohol withdrawal?,Helpful,https://www.withdrawal.net/benzodiazepine/
U0517,T2,Do benzodiazepines help alcohol withdrawal?,Helpful,https://cks.nice.org.uk/benzodiazepine-and-z-drug-withdrawal
U0518,T2,Do benzodiazepines help alcohol withdrawal?,Helpful,https://www.drinkaware.co.uk/alcohol-facts/health-effects-of-alcohol/mental-health/alcohol-withdrawal-symptoms/
U0519,T2,Do benzodiazepines help alcohol withdrawal?,Helpful,https://clinchem6a.wordpress.com/
U0520,T2,Do benzodiazepines help alcohol withdrawal?,Helpful,https://enacademic.com/dic.nsf/mwc/5595/benzodiazepine
U0521,T2,Do benzodiazepines help alcohol withdrawal?,Helpful,https://alcorehab.org/alcohol-treatment/medications/diazepam-valium/
U0522,T2,Do benzodiazepines help alcohol withdrawal?,Helpful,https://www.verywellmind.com/treatment-for-alcohol-withdrawal-symptoms-80190
U0523,T2,Do benzodiazepines help alcohol withdrawal?,Helpful,https://drugabuse.com/benzodiazepines/withdrawal/
U0524,T2,Do benzodiazepines help alcohol withdrawal?,Helpful,https://www.rcpsych.ac.uk/mental-health/treatments-and-wellbeing/benzodiazepines
U0525,T2,Do benzodiazepines help alcohol withdrawal?,Helpful,https://www.drugs.com/article/benzodiazepines.html
U0526,T2,Do benzodiazepines help alcohol withdrawal?,Helpful,https://www.webmd.com/mental-health/addiction/alcohol-withdrawal-symptoms-treatments
U0527,T2,Do benzodiazepines help alcohol withdrawal?,Helpful,https://pubs.niaaa.nih.gov/publications/arh22-1/38-43.pdf
U0528,T2,Do benzodiazepines help alcohol withdrawal?,Helpful,https://www.ncbi.nlm.nih.gov/pmc/articles/PMC2548411/
U0529,T2,Do benzodiazepines help alcohol withdrawal?,Helpful,https://www.ncbi.nlm.nih.gov/pmc/articles/PMC3684331/